{"cameraMode":{"drawMode":0,"name":"Shaded","section":"Shading Mode"},"sceneLighting":false,"audioPlay":false,"sceneViewState":{"m_AlwaysRefresh":false,"showFog":false,"showSkybox":false,"showFlares":false,"showImageEffects":false,"showParticleSystems":false,"showVisualEffectGraphs":true,"m_FxEnabled":true},"in2DMode":false,"pivot":{"x":0.04975280165672302,"y":0.793307363986969,"z":-0.10393702983856201},"rotation":{"x":0.01325241569429636,"y":0.9860720038414002,"z":-0.09734085947275162,"w":0.13423171639442445},"size":1.9845823049545289,"orthographic":false}